{
  "PerlinNoiseShaker Objects.md": 1775980538.0910091,
  "WdpGroupTransformAtom Objects.md": 1775980538.316935,
  "AnimNode_PreviewRetargetPose Objects.md": 1775977031.0001109,
  "HighlightAreaAPI Objects.md": 1775980538.5159838,
  "AesBuildingEditorCommand__Select Objects.md": 1775980538.4778912,
  "SynthSlateSizeType Objects.md": 1775980537.7882042,
  "EarthShapeGrammarLevelInfo Objects.md": 1775980537.9515417,
  "PolyganTriangle Objects.md": 1775980538.5141282,
  "RigUnit_VerletIntegrateVector Objects.md": 1775977031.454457,
  "AITestSpawnSetBase Objects.md": 1775980537.9781542,
  "PaintContext Objects.md": 1775980537.9088047,
  "MaterialExpressionHairAttributes Objects.md": 1775980538.265984
}